{
	"partitions" : [
		{
			"name" : "Top",
			"pins" : [
				{
					"name" : "Q[0]",
					"strict" : false
				},
				{
					"name" : "Q[1]",
					"strict" : false
				},
				{
					"name" : "Q[2]",
					"strict" : false
				},
				{
					"name" : "Q[3]",
					"strict" : false
				},
				{
					"name" : "Q[4]",
					"strict" : false
				},
				{
					"name" : "Q[5]",
					"strict" : false
				},
				{
					"name" : "Q[6]",
					"strict" : false
				},
				{
					"name" : "Q[7]",
					"strict" : false
				},
				{
					"name" : "Q[8]",
					"strict" : false
				},
				{
					"name" : "Q[9]",
					"strict" : false
				},
				{
					"name" : "Q[10]",
					"strict" : false
				},
				{
					"name" : "Q[11]",
					"strict" : false
				},
				{
					"name" : "Q[12]",
					"strict" : false
				},
				{
					"name" : "Q[13]",
					"strict" : false
				},
				{
					"name" : "Q[14]",
					"strict" : false
				},
				{
					"name" : "Q[15]",
					"strict" : false
				},
				{
					"name" : "Qa[0]",
					"strict" : false
				},
				{
					"name" : "Qa[1]",
					"strict" : false
				},
				{
					"name" : "Qa[2]",
					"strict" : false
				},
				{
					"name" : "Qa[3]",
					"strict" : false
				},
				{
					"name" : "Qa[4]",
					"strict" : false
				},
				{
					"name" : "Qa[5]",
					"strict" : false
				},
				{
					"name" : "Qa[6]",
					"strict" : false
				},
				{
					"name" : "Qa[7]",
					"strict" : false
				},
				{
					"name" : "Qa[8]",
					"strict" : false
				},
				{
					"name" : "Qa[9]",
					"strict" : false
				},
				{
					"name" : "Qa[10]",
					"strict" : false
				},
				{
					"name" : "Qa[11]",
					"strict" : false
				},
				{
					"name" : "Qa[12]",
					"strict" : false
				},
				{
					"name" : "Qa[13]",
					"strict" : false
				},
				{
					"name" : "Qa[14]",
					"strict" : false
				},
				{
					"name" : "Qa[15]",
					"strict" : false
				},
				{
					"name" : "LedCtrl[0]",
					"strict" : false
				},
				{
					"name" : "LedCtrl[1]",
					"strict" : false
				},
				{
					"name" : "LedCtrl[2]",
					"strict" : false
				},
				{
					"name" : "LedCtrl[3]",
					"strict" : false
				},
				{
					"name" : "LedD[0]",
					"strict" : false
				},
				{
					"name" : "LedD[1]",
					"strict" : false
				},
				{
					"name" : "LedD[2]",
					"strict" : false
				},
				{
					"name" : "LedD[3]",
					"strict" : false
				},
				{
					"name" : "LedD[4]",
					"strict" : false
				},
				{
					"name" : "LedD[5]",
					"strict" : false
				},
				{
					"name" : "LedD[6]",
					"strict" : false
				},
				{
					"name" : "LedD[7]",
					"strict" : false
				},
				{
					"name" : "LedD[8]",
					"strict" : false
				},
				{
					"name" : "LedD[9]",
					"strict" : false
				},
				{
					"name" : "LedD[10]",
					"strict" : false
				},
				{
					"name" : "LedD[11]",
					"strict" : false
				},
				{
					"name" : "LedD[12]",
					"strict" : false
				},
				{
					"name" : "LedD[13]",
					"strict" : false
				},
				{
					"name" : "LedD[14]",
					"strict" : false
				},
				{
					"name" : "LedD[15]",
					"strict" : false
				},
				{
					"name" : "EaIn",
					"strict" : false
				},
				{
					"name" : "Clk",
					"strict" : false
				},
				{
					"name" : "Clr",
					"strict" : false
				},
				{
					"name" : "RwIn",
					"strict" : false
				},
				{
					"name" : "DIn[0]",
					"strict" : false
				},
				{
					"name" : "DIn[1]",
					"strict" : false
				},
				{
					"name" : "DIn[2]",
					"strict" : false
				},
				{
					"name" : "DIn[3]",
					"strict" : false
				},
				{
					"name" : "DIn[4]",
					"strict" : false
				},
				{
					"name" : "DIn[5]",
					"strict" : false
				},
				{
					"name" : "DIn[6]",
					"strict" : false
				},
				{
					"name" : "DIn[7]",
					"strict" : false
				},
				{
					"name" : "DIn[8]",
					"strict" : false
				},
				{
					"name" : "DIn[9]",
					"strict" : false
				},
				{
					"name" : "DIn[10]",
					"strict" : false
				},
				{
					"name" : "DIn[11]",
					"strict" : false
				},
				{
					"name" : "DIn[12]",
					"strict" : false
				},
				{
					"name" : "DIn[13]",
					"strict" : false
				},
				{
					"name" : "DIn[14]",
					"strict" : false
				},
				{
					"name" : "DIn[15]",
					"strict" : false
				}
			]
		}
	]
}